"","con_28","con_52","con_101","con_118_d","con_153","con_138","con_180"
"con_28",1,0.890673457500124,0.566228156468344,0.630865545426519,0.541404204541158,0.197489235144117,0.275676053289035
"con_52",0.890673457500124,1,0.703669248563037,0.698863330910425,0.651072678395399,0.398858830813354,0.354270772665158
"con_101",0.566228156468344,0.703669248563037,1,0.791311433777158,0.702525894345245,0.752971340837354,0.51078720619834
"con_118_d",0.630865545426519,0.698863330910425,0.791311433777158,1,0.890620483995989,0.754977421586512,0.648888035251836
"con_153",0.541404204541158,0.651072678395399,0.702525894345245,0.890620483995989,1,0.797579307646707,0.667691497342454
"con_138",0.197489235144117,0.398858830813354,0.752971340837354,0.754977421586512,0.797579307646707,1,0.682019858234043
"con_180",0.275676053289035,0.354270772665158,0.51078720619834,0.648888035251836,0.667691497342454,0.682019858234043,1
